,0
0,-0.19446940482787947
1,0.06375955650377349
2,0.051163800358168136
3,0.07535356951001736
4,0.029163767452560163
5,-0.21788494135927902
6,0.022080115344861696
7,-0.055862491111671506
8,-0.15161808789977987
9,0.16855593369419705
10,0.20048701978849193
11,0.11304942941065803
12,0.09320612674764488
13,0.03407784474156353
14,0.011261542099262736
15,0.098571827959876
16,-0.0798434601510433
17,0.0556422040235688
18,0.00695231143286317
19,0.13090174301249502
20,0.027792972908676092
21,-0.02125794474230192
22,-0.08621784357987688
23,-0.17233182790719062
24,0.011847160254340478
25,-0.15754590343760536
26,-0.08913977984980218
27,0.07128259532882844
28,0.07604079687027342
29,0.03236518938508081
30,-0.04707815424052254
31,0.07618111486801123
32,-0.01125111060031447
33,-0.0025557414501763904
34,0.03681463657102213
35,-0.1294182593440971
36,0.08111512273182434
37,-0.0252259433165398
38,0.024350371099350135
39,0.027922027449960894
40,0.035938523832157086
41,-0.05319640928368803
42,-0.07603252394630428
43,-0.10419338425800566
44,0.14101320534691492
45,-0.10741224963268518
46,-0.1662273727623648
47,0.03737195889203079
48,0.03879708442993777
49,0.03418100649867596
50,-0.001550137559541663
51,0.11044961507213816
52,-0.02845937861998059
53,-0.06485532917053007
54,-0.08959633894337439
55,-0.036927484749289204
56,0.03143763419707147
57,-0.1441229013741138
58,-0.03563071036206874
59,-0.22069467228816392
60,0.008300514495918385
61,0.028330312161483098
62,-0.047761927837604995
63,-0.0015247648196249032
64,-0.11717260307318883
65,0.08325974043662128
66,0.01976333501500459
67,-0.054021544353547946
68,0.06789809017512134
69,-0.060123276918281024
70,0.002896626089917
71,-0.03848111032523534
72,0.03978930770710861
73,-0.03242778951557494
74,-0.072769433501862
75,0.12227374008260969
76,0.07578998811479515
77,-0.11788692016507686
78,0.041575036488792905
79,0.025773120416903723
80,0.046594469239155396
81,-0.05029341946748883
82,0.09326436838477555
83,0.05798634383288023
84,0.014607634883427898
85,0.047934859455787404
86,-0.13235818936225424
87,-0.16208215728218078
88,-0.11725599797872228
89,-0.010330277493468362
90,0.027668942224718312
91,-0.009202973478516584
92,0.02404282253473995
93,-0.06448678921915572
94,-0.09181082596624486
95,-0.00825923445016753
96,0.017801708802673465
97,0.05362758303856823
98,-0.13412362774609576
99,-0.08869531260025174
100,0.07262673940323697
101,0.11101889177369059
102,0.06611020803058054
103,0.021378651833395195
104,0.005575189011344887
105,-0.047977700211288186
106,0.02676443878899346
107,-0.0561944262680423
108,-0.10031846899269095
109,0.06153222112379747
110,0.1381769997934094
111,-0.009068610282456462
112,-0.03144321292028483
113,-0.004100133232209343
114,0.06570367261664159
115,-0.08713573133057968
116,0.023052451716334955
117,0.0027474760295940178
118,0.09604829619289626
119,0.056177956740713554
120,-0.05781315068061705
121,0.05997468095792222
122,-0.036471220682562665
123,-0.0402359969381914
124,0.015314870343252527
125,-0.06891047271114392
126,0.01099262002051661
127,-0.09393516943876307
128,0.06744166257907752
129,-0.06997676762888726
130,0.007476231101461736
131,-0.10679376829506558
132,0.007672427145933815
133,0.045449173676292386
134,-0.04658983287979572
135,0.028815145453612096
136,0.016617701544724278
137,-0.0035345002054136777
138,-0.00609218749910059
139,-0.06645431330953112
140,0.04917800837646004
141,-0.11627878861453864
142,-0.13758115801192206
143,-0.0052579884528957494
144,-0.11827911868780334
145,-0.018280628852754905
146,0.04773124809038586
147,-0.028815490303665293
148,-0.041527687207861576
149,0.08189399388175167
150,-0.013125122291744744
151,-0.1178480598197068
152,0.06620052854500472
153,0.12150271721517186
154,-0.1467839786571494
155,-0.009856885463620756
156,-0.012606951455987789
157,-0.0677984135855434
158,0.06622331441656065
159,-0.015454486349248118
160,0.011565467570740631
161,0.0426086326832002
162,0.03550461667337992
163,-0.017182041659390534
164,0.10445476618869265
165,0.04821122508517997
166,-0.0009800132118304812
167,0.02984917590568025
168,0.03395538477044717
169,0.03215436642285846
170,0.0022900540299744666
171,0.031782213913641374
172,0.04376056997828685
173,0.06348976221327957
174,-0.021278747464105623
175,-0.03618128228466791
176,0.0034975547186899937
177,0.048639859881458435
178,0.02978600041011863
179,-0.000700664580338827
180,-0.05232777589341396
181,-0.052000688790892244
182,-0.02353396710913525
183,-0.05496878958462402
184,-0.014799587033693632
185,0.028565332547514852
186,-0.050883841830029
187,0.010034055121266322
188,-0.046252610705893905
189,-0.018235773822128508
190,-0.1234733943809744
191,0.06126054857775729
192,-0.009285135207270692
193,0.0690479951354495
194,0.04727120084437793
195,-0.000749449792076657
196,-0.07339840240931987
197,0.07380856821674389
198,0.029522343796385006
199,0.05258800676622672
200,0.02087215238945935
201,-0.06039108245948765
202,-0.0733464198492692
203,0.03377871608677358
204,-0.04336487872492851
205,0.05229408562022643
206,-0.05438278663199896
207,-0.021835365597435638
208,0.04404046574938737
209,-0.00031203615669599875
210,0.04694330645658472
211,-0.03199080549295351
212,0.12288185282815468
213,-0.002549332425256487
214,-0.05139946506764229
215,0.02785833921280714
216,0.04632513551983103
217,0.018246673611023022
218,-0.12144665022494652
219,-0.03705106113493092
220,-0.15430548647740008
221,0.07915694229708319
222,-0.05533932502667653
223,0.013400446425798435
224,-0.016001440602861655
225,-0.0521493748784504
226,0.010812531770385641
227,0.060307406359403265
228,0.09306733871961487
229,0.009476827451896638
230,0.11261349205585404
231,0.08314217220377972
232,-0.021898987331262082
233,0.013456860370296829
234,-0.0024501015091637638
235,0.0030476908344893427
236,0.01589075714670966
237,0.008520340354781126
238,0.011489451123418796
239,0.1008004881457705
240,-0.07838062774544623
241,0.029507075817717693
242,0.01222984611784524
243,0.026311169860716015
244,-0.012702373449828497
245,-0.029293093274279047
246,0.04605072394485252
247,-0.06813139903557927
248,-0.0025047693085700463
249,0.10772145700368958
250,-0.008785098149066186
251,-0.02673537202299271
252,0.00010161048465366099
253,0.08762172788597605
254,-0.022144931333690124
255,0.00796106047869211
256,0.0953271231647867
257,-0.0324243118326556
258,-0.03286058540530813
259,-0.08263362405536716
260,0.0215020353134899
261,-0.024948675687374574
262,-0.05272381788181837
263,-0.08434757968342532
264,0.032807920388250277
265,0.028778273064712274
266,-0.041979393981101516
267,-0.009474390797376601
268,-0.03241126626796637
269,-0.06372046699328275
270,-0.06024479511547278
271,-0.021407141365041446
272,0.019373359557521643
273,-0.05277407040703917
274,0.020734608774290446
275,-0.055014396116586706
276,0.02973232395904817
277,0.02326065446428747
278,0.021150933462213833
279,0.09466404870455977
280,-0.025001807759666626
281,0.05867575875153788
282,0.023085645420832947
283,0.04348748920192793
284,-0.019951528626928287
285,0.05770916758751525
286,-0.012470607560395138
287,-0.025920693937983883
288,0.08088314525321783
289,-0.01973941989614681
290,0.04382597827128359
291,0.1086900978107331
292,-0.03724748997629271
293,-0.014948171506784373
294,0.10156343671171518
295,-0.05305885906984302
296,0.0004771789945058461
297,0.006464153413825762
298,-0.01594598827130649
299,0.06923561261939018
300,0.04940282176195913
301,0.01275883901304202
302,-0.05191178337068738
303,0.008497246083339897
304,0.05210180183226253
305,0.018866664472887797
306,-0.0018823637820733733
307,0.009615172534668755
308,-0.022735179264194785
309,-0.04437047377404554
310,0.023690368429925102
311,0.01847073069891484
312,0.02940662436689559
313,-0.06261313151256914
314,0.031728297440505066
315,0.04755152224802384
316,-0.0761602262168567
317,-0.017217013966922295
318,0.06365871778233102
319,-0.033999991998925755
320,0.09298634537063505
321,-0.030948774869329364
322,-0.01856834128692252
323,-0.01091040405845269
324,0.05531594148970019
325,-0.016867969190541118
326,0.06062957084720338
327,-0.0004827053098281028
328,0.03343096585013986
329,0.03222105650459859
330,0.030646930735870454
331,0.03999371361698248
332,-0.04742770486186571
333,-0.13444545176643263
334,-0.09185762675527456
335,-0.02181465414759967
336,0.05615002208351936
337,-0.02318485333761515
338,-0.061383365678504075
339,0.0592727551552294
340,-0.03027655983792902
341,0.008044635181940481
342,-0.006919437882367276
343,0.015660652627172512
344,-0.07046565288837682
345,0.046227511967238545
346,0.08269483540058009
347,-0.09813204783594941
348,-0.021215944467833737
349,-0.06564107214558054
350,0.005092299368461166
351,0.04939678846792486
352,0.014863913893764347
353,0.05272136743453194
354,0.0004325694033741679
355,-0.02896697536030736
356,0.06705381390189033
357,0.04277311089232496
358,-0.050749377054863334
359,-0.03804820104954201
360,0.0918197928744194
361,-0.07587241629710242
362,-0.10667441635077947
363,0.07049679571009221
364,-0.03769679116664106
365,-0.1316434694332474
366,-0.0604654907667708
367,-0.013736794635854315
368,0.056296983974930465
369,-0.021892343400064122
370,0.0032943190023665943
371,0.09161291910515695
372,-0.00858736530245979
373,-0.06439519396434061
374,-0.03463283871638908
375,-0.05847254307244659
376,0.010149631064771798
377,-0.014995970097640173
378,-0.030128322185886555
379,-0.1413007614458063
380,0.018983453140778265
381,0.09557264494550248
382,0.060509837638399275
383,-0.08308687533282268
384,-0.18733036414077922
385,-0.061571447203453714
386,-0.02655705993522054
387,-0.026711450701649413
388,0.14709572796712211
389,-0.4692159169360897
390,-0.18653409508119817
391,-0.1169577358778041
392,-0.09334788591293991
393,0.18775586847932738
394,-0.03169911838115139
395,-0.1667589447821165
396,-0.04590564173455126
397,-0.03807611936123095
398,0.04986035975307023
399,0.06415832855705973
400,-0.19951935349732705
401,-0.00935106048955785
402,0.08378674462313189
403,-0.011026851211873466
404,0.0201542146033238
405,0.00250290874397151
406,-0.05015470131527029
407,0.0008780991591077663
408,0.04834404825954383
409,-0.04761784591396042
410,-0.10054570455360204
411,0.10385723835452047
412,0.10756370350321938
413,0.026823364053843734
414,-0.06436545337657545
415,-0.10518585003273119
416,-0.06346485035903238
417,-0.05669400203985384
418,0.07729431577832983
419,-0.09183276409875907
420,0.041468150602984276
421,0.024502821786027425
422,0.09374357402272608
423,0.024184339441706282
424,0.038888292537621036
425,-0.013152895761729634
426,-0.011491309807716099
427,0.11250700279075737
428,-0.015469192531284634
429,0.0750958317238072
430,0.06076652455086258
431,-0.07899362786012364
432,-0.05162469978435773
433,0.07010608474600533
434,-0.0015406177718731333
435,0.02606689775097237
436,0.05093644055534837
437,-0.003143572122899807
438,-0.023739355894577336
439,0.001767616680760204
440,-0.1362286472065523
441,-0.022838205735918736
442,-0.04141632585567821
443,0.013487895632273846
444,-0.018412981791627214
445,-0.040112801286875006
446,0.0006576577694293899
447,-0.09821461204829296
448,0.08100108902035404
449,-0.1169957787887705
450,-0.0901151116133348
451,-0.09259073552406016
452,-0.1911471582773054
453,-0.09045433073640397
454,0.033145577326453034
455,0.04233635245716588
456,0.040038886407552876
457,-0.028624250126890235
458,0.006800841345703392
459,0.008447496794197566
460,-0.037035747194468345
461,0.04557189953480046
462,-0.01657229259935025
463,0.0075992435376659355
464,0.08795725756191754
465,-0.007014060345498733
466,0.06536776136970128
467,-0.0731929764693309
468,0.03895164242527835
469,-0.02091526251120928
470,-0.04384481935549868
471,0.016964695910502398
472,-0.04004461542936252
473,-0.016663831760585508
474,0.006762482917659181
475,0.011016392574322735
476,-0.06071005096017262
477,0.02897888547489164
478,-0.06443345770477879
479,0.05822412430452168
480,0.10165507397151549
481,0.05995684142709776
482,0.08284087381061796
483,-0.015739233024137777
484,0.034174893127171
485,0.05873206560407074
486,-0.046461442090625374
487,0.026540736240706797
488,-0.02191554457452784
489,-0.008138817939924308
490,-0.039452163722108
491,-0.011725734488125708
492,0.06909977528002603
493,0.0768091035286871
494,0.04307694412020869
495,0.04855807431504893
496,-0.03357918309587723
497,0.03884892713372009
498,-0.009421910873850064
499,-0.041073853894578044
500,0.027540083059375373
501,0.06872594736193273
502,-0.06095614575001492
503,0.01021212326379872
504,-0.010564015541585292
505,0.033982735678301006
506,-0.04940689893716591
507,-0.023173171103066888
508,0.07078150642341192
509,0.02953775792651199
510,0.02332400803493415
511,0.025124688089996253
512,-0.062602508809368
513,0.01167272036510069
514,-0.009130438191349607
515,0.13683472152913514
516,-0.009048726761498694
517,0.004448281046751083
518,0.019194771344152265
519,-0.05941106177979927
520,-0.010275010660446915
521,-0.030629250290546233
522,-0.003946799061992374
523,-0.018066357243025032
524,0.017549249117208544
525,-0.005734349841284557
526,-0.023937426128833435
527,-0.053988677643992476
528,-0.002736592839766926
529,0.0549684096398387
530,0.07236101778703578
531,-0.03501717076815009
532,-0.03067862489324315
533,0.05191267326038037
534,0.0071660904907315985
535,0.0051278521103757324
536,-0.01445557992491209
537,-0.0008808052550719923
538,0.058129126409379284
539,0.0011203059554031414
540,-0.02714734198213781
541,0.033568964036738425
542,-0.053509375257096724
543,-0.057604617250417
544,-0.059138957148954015
545,-0.058332553171041045
546,0.02124739774426112
547,0.04416523782748348
548,-0.04405706556450723
549,0.0077827829291307726
550,0.009001242281479468
551,-0.004921049399900654
552,-0.0757218915185312
553,0.0403813180516993
554,-0.04941738145018486
555,-0.048442423648119154
556,-0.03660727480787969
557,-0.07098944679399342
558,0.07362424911908079
559,0.0297027766371534
560,0.00548119575431225
561,0.03718433890102363
562,-0.05007490920272141
563,0.013936035301039987
564,0.008588990983132832
565,-0.060320527079178406
566,0.03659133605449154
567,-0.009170975081736569
568,-0.011344839760421143
569,-0.04980669431560864
570,-0.07250607448057275
571,0.0035625867610227808
572,0.06687678720837532
573,0.0017604630984543676
574,0.02455993664254267
575,0.007998705416066048
576,0.028514219365163466
577,-0.00802451878036527
578,-0.010367936407068973
579,-0.013417909904530928
580,-0.06789035362621418
581,-0.0012671000319363702
582,0.0930062376527342
583,0.002390457145066104
584,-0.03814156335762224
585,0.02394764887705132
586,0.009143194693087294
587,0.04746969742354806
588,-0.06054404547744633
589,-0.05110888942829724
590,-0.005918901437673509
591,-0.012591621041079113
592,-0.02806546115421871
593,0.015239388913084967
594,-0.01946718430323678
595,-0.010937498659498805
596,0.02887579772053095
597,-0.024463234355499255
598,0.05001491505290161
599,0.01314152171014983
600,0.026409391365030625
601,-0.05001265434328422
602,-0.005658582734688063
603,-0.08515194652826896
604,0.02905992658069355
605,0.016086684779017875
606,-0.05990158134264487
607,-0.031088407074499697
608,0.05121529021693013
609,0.05552575023498929
610,0.017554807882670005
611,-0.08614349742331608
612,-0.051343529707107934
613,0.03509968119132194
614,-0.05056435631876788
615,0.013611643993360945
616,0.019003493804914562
617,0.013324491207718447
618,0.11602960765201445
619,-0.025534373634096247
620,0.004653073598488077
621,-0.0022077802790998044
622,-0.019576584022993268
623,-0.030627395921658456
624,-0.0016448691995281145
625,0.011749614543442534
626,0.030770423095404627
627,-0.050092565003168804
628,0.028176962904075578
629,0.03533345208730428
630,-0.000951724070448551
631,-0.05000413467035302
632,-0.11492383986643492
633,-0.0886645016004106
634,-0.0039536204860227695
635,-0.020634564138396837
636,-0.05069342910190967
637,-0.0024180122228544447
638,-0.008390570119203238
639,0.00010742888677174142
640,-0.01561719602969138
641,-0.030211092638629568
642,0.05187365118604715
643,0.002961622623455538
644,-0.014440887779104808
645,-0.012705299579573786
646,0.03459636652051068
647,-0.07365298099923007
648,0.03036799816114155
649,-0.018870709372436432
650,-0.04335429400058545
651,0.009584653169418544
652,-0.03381934246759294
653,0.004907858905023104
654,-0.005897233605570695
655,-0.10118467885703765
656,0.027103181707212196
657,-0.057222502842378835
658,0.04330820102542282
659,0.031424625594431335
660,0.0564915254717938
661,-0.014161150617425757
662,0.07392031905040695
663,0.012824124551065914
664,-0.06752211544138954
665,0.06251154224734021
666,0.0003431772100151566
667,1.3381932328999783e-05
668,-0.047686987200755176
669,-0.023075514104844454
670,0.0017505965740810443
671,-0.0314889928761209
672,0.04565466179582658
673,0.031000280142572098
674,0.09480613652587254
675,-0.026188037608656886
676,0.027666024276043113
677,-0.013846082872849604
678,0.022761059347973078
679,0.05424933050987554
680,0.007017912331983387
681,-0.03493612020154528
682,-0.0036179721675204564
683,-0.09764268272815023
684,0.035185373063856405
685,0.011582550522283415
686,0.016566542748730772
687,0.03429907873924476
688,-0.004768849426060122
689,-0.04161687532982746
690,-0.025301196980938637
691,-0.03028520942987422
692,0.00500449531485256
693,-0.029674755984285536
694,0.0246791538576255
695,0.0700743525673792
696,0.007365609413369458
697,-0.002231583548211985
698,-0.002621813740186589
699,0.06163411457080352
700,-0.007055284077580237
701,-0.0027761826109498583
702,0.07276038777220988
703,0.0034231131196262752
704,0.07956802982498021
705,0.06423189690266676
706,-0.005784012854323111
707,-0.03611908013642049
708,-0.05272723765239855
709,0.050469368934669245
710,-0.009597177146258042
711,-0.048881773370534155
712,-0.004866009210125668
713,0.0013943988680998993
714,-0.0006397222265350039
715,-0.019395589339047056
716,0.04658178679575539
717,0.022335012420530886
718,0.006159296745498946
719,0.10290759263644951
720,0.01716053028771914
721,-0.013391451264793937
722,-0.047045721147853915
723,-0.01789779090702073
724,0.01174243206710739
725,0.05654420757448004
726,0.049043997769385075
727,-0.01841652631692518
728,-0.000443097884423118
729,0.005958604060010838
730,0.044854079852174725
731,-0.0642053311635762
732,-0.0421457101942848
733,0.031415877830277626
734,0.0048704188232881526
735,-0.08580365665326334
736,0.06938986426054207
737,-0.0063335104613596455
738,-0.016105666476810523
739,-0.00639926872914897
740,0.06028454900611606
741,-0.08021845010416265
742,0.009820794782652669
743,-0.0036416715215038926
744,0.047280537668432925
745,-0.07052129833007234
746,-0.13897041158957293
747,0.04010444430220088
748,0.009585382501755092
749,-0.0930541813794309
750,-0.017196444169759323
751,0.007444504547849126
752,0.04766867105143714
753,0.13529805658522048
754,0.015526191583574411
755,0.11896296098153891
756,0.0011985301088587065
757,-0.15361821816481905
758,0.10325126589867696
759,0.027948938761277534
760,-0.01137868748403228
761,-0.01816515189492428
762,-0.031468614581482035
763,0.011803685326846879
764,-0.07594453917534807
765,-0.008985855448100242
766,0.0490676181506497
767,0.058228814117488044
768,0.032750036947136116
769,0.1313039896091039
770,0.08734058294206312
771,0.05246667416109736
772,-0.04231961506751199
773,-0.04320679277805082
774,-0.0638902816261388
775,0.12161109819340386
776,0.001462335538209392
777,-0.0005726651741172015
778,0.0865083081081472
779,1.8141907498055019
780,0.033691992259298746
781,0.14436437253126586
782,-0.028477556169476947
783,-0.08752706393523521
784,0.038149893022230555
785,0.03128593363327543
786,0.008015469359709409
787,0.0014802194253687975
788,-0.04153925075117094
789,-0.03082564826660056
790,0.034939826431043854
791,-0.07534082244802567
792,0.13216196241233963
793,-0.0056150982063765805
794,-0.1390118661499333
795,-0.048374178412204226
796,0.14295128495351975
797,0.04507555307055854
798,-0.14169261284119886
799,0.06321983149720793
800,0.057289255089184046
801,0.04812480421328358
802,-0.08688471093093353
803,-0.060518280452793255
804,-0.0377200733263516
805,-0.007037645702195078
806,0.07407679734049227
807,-0.006148085909390033
808,0.10373246701786082
809,-0.01645247524318759
810,-0.0554541848990468
811,0.09136179103325655
812,-0.02148023921754833
813,0.09277865358533699
814,-0.04938089538295123
815,-0.19551603386954933
816,-0.0077047375151008185
817,0.038233885392403966
818,-0.05009781359271892
819,-0.09227562811165886
820,0.1324052238375918
821,-0.025739484286774438
822,-0.0605675858988829
823,-0.07759227531767708
824,0.01582834551426747
825,-0.014408543911985308
826,0.08087921417255577
827,0.05336550176829662
828,-0.037683920147886275
829,0.0328111664927375
830,-0.07166965158329155
831,0.01495461367626004
832,-0.06936875314739917
833,-0.059467847707608226
834,-0.1015508019089955
835,0.05158902054129152
836,-0.10253289767700184
837,0.04984954617163123
838,0.027347181569222924
839,0.006124237465481994
840,-0.016253440039254972
841,0.030332809231070266
842,-0.09517875349501274
843,-0.008868427884344844
844,-0.0549327809498608
845,-0.0834374047356592
846,-0.0351696372001673
847,0.012451283905776751
848,0.02556645599878042
849,-0.05646600802336281
850,0.027953113901781578
851,0.09058272039540413
852,0.004059591350021062
853,-0.027290013542171823
854,-0.04376070404478805
855,-0.06882165973860718
856,0.029078754996575123
857,-0.029986465824986538
858,-0.007644624465235904
859,0.020667610017730487
860,-0.04670333450045514
861,-0.000657514860910166
862,0.05989569287089891
863,-0.03657065933486729
864,0.021048689861235266
865,0.06351029229507182
866,-0.07076018685901923
867,-0.09227838858701229
868,0.03493628161087589
869,0.015240461530454386
870,0.019461184593197005
871,0.04368708058170244
872,0.02617293296582788
873,0.012744625239009608
874,0.05449946942407275
875,0.0008556906927752528
876,-0.022846078172320636
877,0.012623461723112978
878,0.07900875204445462
879,0.00409265062170257
880,-0.0869468689657866
881,0.013322874393840464
882,-0.014517712577925432
883,-0.017037706948453094
884,0.02775759133329898
885,0.014419008893392255
886,-0.0037835750993633127
887,-0.026150594481353404
888,-0.1099689662482104
889,0.09125996300539929
890,0.02467757281039753
891,0.03281941608288181
892,0.05475374587480644
893,-0.00011917054413473866
894,-0.015190597344265762
895,-0.008062604736920042
896,-0.010963583226236463
897,0.012370431863844138
898,0.04674813072042615
899,0.018804541038623085
900,0.04832537513773428
901,0.06709429573909086
902,-0.011669372397194162
903,-0.020701807132173726
904,-0.05629547737700161
905,0.02216311674874422
906,0.046639773967189775
907,0.038897109615941304
908,-0.06935997367166774
909,0.025974156949281332
910,-0.06631265361389112
911,-0.04164126464994437
912,0.012598219485355385
913,0.024273282412041696
914,0.04492597976141051
915,0.06225347150124843
916,0.018204524108353264
917,0.013853593356247897
918,0.009750447693936312
919,-0.03239036136635471
920,-0.027244166722308963
921,0.001994150211923582
922,0.07958164155848654
923,0.004820334334923199
924,0.030655160380953745
925,-0.04288235403002762
926,-0.04163507909242656
927,0.05516920643637568
928,0.04507836879622491
929,-0.0023228888452901876
930,0.036650195674237857
931,-0.018025752119279276
932,-0.06913079967247053
933,0.06078388205110456
934,-0.029400204214781032
935,-0.15664488789491574
936,-0.025086673564773353
937,0.0878488663525243
938,-0.03941630135910534
939,-0.005274640349922571
940,0.04434521013235846
941,0.0037058409527670464
942,0.03364682334377018
943,0.10117525578801484
944,-0.058609940746235295
945,-0.025174239700014804
946,0.05164854178116029
947,0.044148146564248196
948,-0.026516158893135886
949,0.023926443662757587
950,0.0007678178053628455
951,0.015152665288186323
952,-0.03422005596460125
953,-0.013122519142647086
954,0.01924890186841835
955,-0.001811666702587381
956,-0.0007842154140117241
957,-0.05493541268017989
958,-0.03026497377360623
959,0.05627924899392943
960,-0.02836999440301905
961,0.057627780437154275
962,-0.0400204427796342
963,-0.06099526437792457
964,0.009718348827470072
965,-0.0018335051622634085
966,0.02126167499471053
967,0.05450040835013413
968,-0.01378774522568433
969,-0.034441891167818574
970,-0.016650457823530484
971,-0.05576954734508516
972,-0.012703916630563772
973,0.003290251278842081
974,-0.03943139324736089
975,0.0008976438697088422
976,-0.07666013866228283
977,0.07531050992655233
978,0.004872644400367413
979,0.05514396724367241
980,0.0228872332176888
981,-0.015435956524711102
982,0.014191823265327518
983,-0.010851448802730262
984,-0.00795667658253649
985,-0.05108289348627595
986,-0.04263415435693846
987,-0.08698350127862972
988,0.04697942674058488
989,-0.03061885922809177
990,-0.01080613535493308
991,-0.008497415177698609
992,0.06468697343468811
993,0.0008771138741019476
994,0.03800010402826385
995,0.057576355533216564
996,0.05131202937732305
997,0.09677087031384879
998,0.0017699517634379492
999,0.015514155502909292
1000,-0.019750022034552502
1001,0.0100197379822582
1002,-0.004164593282717245
1003,0.020569500266772494
1004,-0.011188906417309479
1005,-0.0011015785546597133
1006,0.018965106759035566
1007,-0.0045468739592219466
1008,-0.052460577192507234
1009,0.016772527247503447
1010,-0.023474704040113023
1011,-0.001572627613343782
1012,0.029083257695496554
1013,0.0047920909970990975
1014,0.003641955363712944
1015,-0.0031530475269814944
1016,0.04469000109023537
1017,0.02147792468177141
1018,0.01966355127462134
1019,-0.04122736687714951
1020,0.016193231333616234
1021,-0.06101489883269294
1022,-0.050302917872607655
1023,-0.06233920782309264
1024,-0.11896998078710756
1025,0.05872846534485394
1026,-0.006934555631686982
1027,-0.06372504298629658
1028,-0.061414978069441614
1029,0.027896555294865837
1030,0.018998131729197842
1031,0.016775308124248975
1032,-0.0007040270990233809
1033,0.021855860200034525
1034,-0.03423355647133778
1035,0.019035261532751074
1036,-0.058622685792284246
1037,0.03777211935814403
1038,0.009708331086868131
1039,0.004383667522381073
1040,-0.03411683053740067
1041,0.006412059107611693
1042,-0.005735645136154643
1043,-0.08043878314438592
1044,-0.03734025200381932
1045,0.0760379057870341
1046,-0.06056615858637006
1047,0.025315215187408972
1048,0.0342829798504054
1049,-0.023534902083946322
1050,-0.021985901056437877
1051,-0.09524627842653605
1052,0.051546613665087226
1053,0.05652764953017856
1054,-0.002038152144456209
1055,0.021825476661297402
1056,0.07308181137926652
1057,0.04665213750682314
1058,-0.026160296821991613
1059,0.03669447072715918
1060,0.00940876363468227
1061,-0.03664232272233817
1062,0.008876033007507552
1063,0.01782429548418365
1064,-0.10275966669586026
1065,0.008768849041679745
1066,-0.004558756965398349
1067,0.031414353894146416
1068,-0.03816728652758044
1069,-0.01804603258402377
1070,0.046303328489803064
1071,-0.03089208316449893
1072,0.05351980734841475
1073,-0.015348884947608358
1074,0.02778023911022767
1075,0.02639038039650804
1076,0.00759774120033662
1077,-0.00030786153219469173
1078,0.013798128149210356
1079,-0.02009682661380535
1080,-0.0035374568453069534
1081,0.05371085282874851
1082,-0.0358481766002632
1083,0.028304172037987647
1084,0.020350169542972463
1085,0.020322798636827236
1086,0.04671233971622866
1087,0.03676096954876715
1088,-0.024307938486603276
1089,-0.033574551970401746
1090,-0.0015629817346205135
1091,0.04781447048400053
1092,-0.03078204919759131
1093,0.037585363891355
1094,-0.06035290441676037
1095,0.03127465737753213
1096,0.09191395741430675
1097,-0.03641296820118177
1098,0.021658384861672784
1099,-0.0019507893177142005
1100,-0.15334843413656066
1101,0.1804774994427805
1102,0.010946583028288857
1103,0.0804341252918409
1104,-0.017735684515488858
1105,0.019405077450682946
1106,0.008345747595545402
1107,0.013082186632731746
1108,-0.007982863556106749
1109,0.02426689670652563
1110,-0.039453531680391306
1111,-0.15434459226326666
1112,0.14362851601327176
1113,-0.0006444900063250411
1114,-0.01743712174835784
1115,-0.061929514850279414
1116,0.03940772693919594
1117,0.04165956082228011
1118,0.002074174265591975
1119,-0.033816063055818094
1120,0.034219743362342854
1121,0.002855243554976983
1122,0.029854622511885108
1123,0.02113798876357673
1124,0.06573291037836469
1125,0.15017637288824626
1126,0.002003362689484314
1127,0.02207057659852951
1128,-0.009250243994959603
1129,-0.007823644130811745
1130,0.04899099017811852
1131,0.0034537545353014853
1132,-0.08582362042013443
1133,0.006966573510063168
1134,0.005339581819502991
1135,0.006515696322145583
1136,0.036246519809189665
1137,0.012336534431792261
1138,0.03039753414955929
1139,-0.0934128717746778
1140,0.025620663375679607
1141,0.01912932053533687
1142,-0.010412321669355719
1143,-0.007389294662203309
1144,-0.06038481581421061
1145,-0.04028965453513246
1146,0.004491480794251223
1147,-0.0009367816318937317
1148,-0.016331540903295114
1149,-0.05632370570932388
1150,0.01931266750285555
1151,0.07251872424587696
1152,0.050794148415971116
1153,0.021578930069604117
1154,0.031022685050867936
1155,0.04364650145046095
1156,-0.01447692739247676
1157,0.017076800361809506
1158,0.04393622692313005
1159,-0.022429295342009634
1160,0.04709479315589432
1161,0.05169894502146916
1162,-0.0858998098631355
1163,-0.10299523721657582
1164,-0.044225726502677455
1165,-0.08439542616505805
1166,0.05904310140816927
1167,0.034624187980297476
1168,0.07453842371999043
1169,0.9582691557275943
1170,0.024619582835460188
1171,0.17264987036626994
1172,-0.07593820351342041
1173,-0.05540389902366896
1174,-0.07318972244807852
1175,-0.12309601296439095
1176,0.025562958564847405
1177,-0.016289208997881482
1178,0.0002791327102258088
1179,-0.0010978882008713393
1180,0.10225111316337127
1181,0.002502225511365369
1182,-0.04857378719018008
1183,-0.0526396446770028
1184,0.023724551428377
1185,0.03112810207117859
1186,0.016620199907393773
1187,-0.02057549194753788
1188,0.07020898466401176
1189,-0.01780895214605765
1190,0.008724742616145998
1191,-0.07522680671971897
1192,-0.043432797957931146
1193,0.10237678587917866
1194,0.0925207362733608
1195,0.024781668656359564
1196,-0.03200866054580632
1197,0.003078523179795179
1198,0.0765345855927691
1199,0.06287396964207514
1200,-0.05979935915987521
1201,-0.04387129033342899
1202,0.021823778357425244
1203,-0.05773419530553312
1204,-0.17854272501874857
1205,-0.019438330198478765
1206,0.021422143323063518
1207,0.015546420542908534
1208,-0.08706795934377126
1209,0.0005484582524482367
1210,-0.012030971759139577
1211,-0.18333812724706744
1212,0.015838483419836326
1213,0.06253216771459236
1214,0.015292456564557416
1215,-0.0871741086996552
1216,0.011328310073781905
1217,0.02185834679805492
1218,0.07502883550721286
1219,0.017642986102686747
1220,0.08045126044409705
1221,0.04167357938955574
1222,0.000499260707440861
1223,0.08676056210567723
1224,-0.055895083253539445
1225,0.178533313650912
1226,0.08595614794067723
1227,-0.03189451339959321
1228,-0.03239851015822314
1229,0.056329004273018186
1230,0.055961219946778974
1231,0.027411161079613618
1232,-0.12099422509210764
1233,-0.1022595533700029
1234,-0.06328205557253458
1235,0.06217302859019274
1236,-0.00236722641514925
1237,0.018440597125921977
1238,0.10339343817242366
1239,-0.02114715675114908
1240,0.024921356733966588
1241,0.027943295101469624
1242,-0.039565883357120156
1243,-0.01405611708166508
1244,-0.019816709282321533
1245,-0.01811297845161499
1246,-0.06543476275449184
1247,0.010459016305083663
1248,-0.023124802941150605
1249,0.004941691563227451
1250,0.045941703584267024
1251,-0.005075656872732986
1252,0.052346034108353014
1253,-0.03151014275977612
1254,0.00458399089766935
1255,-0.05627723511456356
1256,0.04689224672366933
1257,0.005360376201460325
1258,-0.0602151520282556
1259,-0.040337150419221944
1260,0.039072082536996025
1261,-0.020349297534186378
1262,0.03075519142438044
1263,0.007040909996279064
1264,0.00246330549240739
1265,0.02152160836158085
1266,0.011983960152273949
1267,0.00908583558972985
1268,0.019586426202392693
1269,0.032342522584959205
1270,0.07536227677618801
1271,-0.14252199824555573
1272,-0.031452931784233515
1273,-0.05128336845383116
1274,-0.02270150928277829
1275,-0.029817280690191555
1276,0.040825780306144595
1277,0.0024615047969279488
1278,0.10793427503466381
1279,0.06308192546619396
1280,0.0034774945644586285
1281,-0.02650635758112959
1282,-0.05269801949522812
1283,-0.048493490181022385
1284,-0.04317499249089539
1285,-0.03627554014659703
1286,-0.00684455043098987
1287,0.023023358268254874
1288,0.01682503009620348
1289,-0.07055237347811626
1290,-0.024021422193918562
1291,-0.03921776544817453
1292,0.017488569218723465
1293,-0.0004278579184883121
1294,0.027312735773024822
1295,0.03794190801534368
1296,-0.04093192649170497
1297,-0.029277123356850832
1298,0.06016426983678823
1299,0.0009603940700943984
1300,0.02724646371502769
1301,-0.01680673078276884
1302,0.10852411984645703
1303,-0.02112088539073462
1304,-0.05024905408592735
1305,-0.011710853711310162
1306,-0.10330928791784232
1307,-0.04674455959771261
1308,-0.023814978721264434
1309,0.027423661489576437
1310,0.016394664556739245
1311,-0.015438392908187895
1312,-0.016435564556110227
1313,0.041175043894400666
1314,0.08969316305244998
1315,0.024232568908912296
1316,0.019823617445422204
1317,-0.018666000601269682
1318,-0.039765420581058454
1319,-0.06770614864292561
1320,-0.06248131192862278
1321,0.00795786612875883
1322,0.03829683158623775
1323,0.0606195966304679
1324,-0.04280681656528602
1325,-0.013961294737076167
1326,0.059003782034648226
1327,0.03758378774289728
1328,0.039579951247143016
1329,-0.0364130561424548
1330,0.030939576657568836
1331,-0.00876261907962832
1332,-0.02498637867887084
1333,-0.022779201553909816
1334,-0.06059725837339265
1335,-0.03406510422593786
1336,0.005044241430395993
1337,-0.004266617438605926
1338,0.03995213067087974
1339,-0.059413873354112294
1340,-0.04004068775259405
1341,-0.016867253529965372
1342,0.07836399832017861
1343,-0.05826550573418279
1344,0.08311306449919204
1345,-0.034616316204706794
1346,-0.003515106449961025
1347,0.022951597957186935
1348,-0.021659003016103837
1349,-0.034935992081487545
1350,0.00814832137649887
1351,-0.06542113680434701
1352,0.035902081526019064
1353,-0.06273107659205267
1354,-0.057824411416074875
1355,-0.02946349791726555
1356,-0.0811588295086343
1357,0.10562990744499882
1358,-0.059921657485848163
1359,0.014043271009324013
1360,0.0751425297932061
1361,0.05117153150906649
1362,-0.15785988041746746
1363,-0.004497616960445263
1364,-0.003677601632524067
1365,-0.08928606170292985
1366,0.04897379937453505
1367,-0.06798097979579153
1368,0.0279630027272631
1369,0.07727156354586312
1370,0.024082696986084135
1371,-0.017547278015851032
1372,0.06690486829977123
1373,0.043244876782773924
1374,0.061249652568967486
1375,-0.0444972971634391
1376,-0.034707664436570626
1377,-0.0215454460880241
1378,-0.04980920692510623
1379,-0.006348354769224532
1380,0.019640062789430254
1381,0.0008928118983246527
1382,0.057203404255870414
1383,-0.017550374005942605
1384,0.03283880483145346
1385,0.0042494653586137715
1386,-0.04162077214385232
1387,0.03775389746361601
1388,-0.0014182234401396087
1389,-0.0152257986757218
1390,0.008889719992147044
1391,0.03391168710742917
1392,0.03670717923185296
1393,0.0027602204040437154
1394,-0.05345774965464498
1395,0.030929810089991034
1396,-0.012886037651015345
1397,-0.010769149632373541
1398,0.008908277444798928
1399,0.06651613782731945
1400,-0.045094203655152106
1401,0.015265017568133485
1402,0.003485964422323314
1403,-0.0983907348216254
1404,0.016938799666875115
1405,0.009491175011648192
1406,0.014188269600546408
1407,-0.08134197689415422
1408,0.03619017766153981
1409,-0.06178435096412303
1410,-0.0356314531020783
1411,-0.06799889995943056
1412,0.021333845581005376
1413,0.010907504742685259
1414,0.014644315078824145
1415,-0.05125029122869343
1416,-0.05759197515974389
1417,0.08117561895973056
1418,-0.05541902800942669
1419,-0.007390568632138955
1420,-0.016014852465328935
1421,0.010572814469946679
1422,0.02776385368408402
1423,0.040677293930343784
1424,-0.08507168512867393
1425,0.016897171042397557
1426,0.05362098472852281
1427,-0.07128963063225707
1428,0.06764130710702732
1429,0.02023398136372188
1430,-0.05105716843532387
1431,0.07823335862875211
1432,-0.02594619739805368
1433,0.04787609600755032
1434,-0.011775811627502736
1435,0.007408400650752031
1436,-0.02321941529909847
1437,0.08158861273370019
1438,-0.008453943320265899
1439,0.014556619010057012
1440,0.03543336071655078
1441,0.04355135048122732
1442,-0.016653299734857286
1443,0.009622993664193714
1444,0.04547337444489094
1445,0.02470719384742654
1446,-0.03239107002036776
1447,-0.011391930557745919
1448,-0.020935080393537583
1449,-0.06319398412249456
1450,0.0378704538785161
1451,0.07123739504958623
1452,-0.011213037659470064
1453,0.018090848163819888
1454,-0.024930266581362853
1455,0.03988845343296522
1456,-0.0029616812376958984
1457,0.031049555830481534
1458,-0.03171248981116341
1459,0.06885503308374459
1460,0.027622772676654434
1461,0.057143720018560114
1462,-0.028229820280264453
1463,0.02815102924073121
1464,0.028006280394496853
1465,0.022349632771855994
1466,-0.0009569670612595767
1467,0.016846467274762494
1468,0.012360967138335704
1469,0.0411749507065308
1470,-0.007047017641744416
1471,0.09213032553244285
1472,-0.02684636472600808
1473,0.02321301894736017
1474,0.0004707246748903977
1475,0.05979081538893766
1476,-0.028759114892077275
1477,-0.1579649558621752
1478,0.04034694006757983
1479,-0.00023090029928568491
1480,0.018533498979772786
1481,-0.05236709103692553
1482,0.024331798659313824
1483,-0.01668601294891907
1484,-8.744882563165897e-06
1485,-0.008652509716864109
1486,-0.025784816228118446
1487,0.021049341822725557
1488,0.035226173426902485
1489,-0.042009011998449634
1490,-0.002919490152469283
1491,0.08202594933358653
1492,-0.029097620746104568
1493,0.0022725440527656716
1494,0.06214950966370985
1495,-0.056595021411872316
1496,0.03251879567789568
1497,-0.0006047439619033819
1498,0.006749235998277395
1499,-0.03957332562789514
1500,0.05456636408777721
1501,0.03965323629771347
1502,-0.018623567594481857
1503,0.0464647105224377
1504,-0.03594688203222484
1505,-0.02673704079366801
1506,0.05590703932858148
1507,-0.03497280613233378
1508,-0.07714500491881515
1509,-0.03351468504306871
1510,0.039432458355567385
1511,-0.03292809598402652
1512,0.03726661200003261
1513,0.04113676890611169
1514,-0.03266964355713416
1515,-0.022881664707712298
1516,0.058302066954337824
1517,-0.03306595371556364
1518,0.048415933398233184
1519,0.016976041649591864
1520,0.06858531435601385
1521,-0.009388340884655776
1522,-0.011316163705557864
1523,0.05540898215218601
1524,0.011073656035257597
1525,-0.009783601361699727
1526,0.01790223639360463
1527,0.03451036573232007
1528,0.013862653019416174
1529,0.014622464109963087
1530,0.004865317492519645
1531,0.006401772770120064
1532,0.06278573764966718
1533,-0.08018512875567844
1534,0.01674475819271271
1535,0.042576983221836485
1536,0.029097308838219014
1537,-0.018136918977766883
1538,-0.0007728722663113474
1539,-0.0177458769744153
1540,0.019302564288145536
1541,-0.08261836233827816
1542,-0.0034276208615907377
1543,0.018266057871900585
1544,-0.07380083673030498
1545,-0.008591271872231179
1546,0.007210564100266868
1547,-0.004521356956846047
1548,-0.036216667796500755
1549,0.11702487475824588
1550,0.05046840719899587
1551,-0.046097518112744214
1552,-0.04849290854934429
1553,0.012189524259220676
1554,0.010775201987527586
1555,-0.009662604711629014
1556,0.02220459240452847
1557,0.0476547294313092
1558,-0.019088199697238135
1559,0.4327590227000636
1560,0.08517533565978987
1561,0.07488364479893939
1562,0.1124858753142871
1563,0.0939031724243044
1564,-0.06066357034555161
1565,0.008461362187740771
1566,0.012380883044277334
1567,-0.02428150978878539
1568,0.015611559592426424
1569,0.06274530993769323
1570,0.014678506837675227
1571,0.09645565818515091
1572,-0.049986153701936965
1573,-0.01585749531475123
1574,-0.007750331437611034
1575,0.08129149651311941
1576,0.011685788391601875
1577,0.027215360978155932
1578,0.0039761454681234935
1579,0.030998792969136046
1580,-0.021169500782556732
1581,0.04717265694461821
1582,-0.011350393096410834
1583,-0.010588655161589869
1584,0.025016586225196612
1585,-0.019116905180300812
1586,-0.03027678199179909
1587,-0.05328601459796777
1588,0.05008908253096477
1589,0.1052891454074416
1590,-0.11405984482765852
1591,-0.004255640118864764
1592,-0.02105445254173996
1593,0.019696315325531413
1594,-0.10082093923885523
1595,0.04788804670464342
1596,0.031134353321865677
1597,0.04689218351072968
1598,-0.10227293973948695
1599,0.025372400040010613
1600,0.04373354901245306
1601,-0.0325275628792956
1602,-0.03422077983144646
1603,0.0354516644309493
1604,-0.005516307214263113
1605,-0.009104051284679806
1606,0.017052334836773198
1607,0.008025303090226935
1608,-0.01387011002656559
1609,0.03444060134773463
1610,-0.013927258629765137
1611,0.023438304588474065
1612,-0.08505475525038918
1613,0.03185817832060511
1614,-0.036917612645839856
1615,-0.011227758451362325
1616,0.12227900333091853
1617,0.05086672519524209
1618,-0.11297750067915571
1619,0.05618312586915489
1620,0.06483201101124868
1621,0.048319638439571266
1622,-0.0014300702400232997
1623,0.03468163696610615
1624,0.11428788292141956
1625,-0.07729358070162694
1626,-0.00600813308474576
1627,-0.01916479569359434
1628,0.04950211851597785
1629,0.06367435969993544
1630,0.032569817885917396
1631,-0.04769887428470192
1632,0.032702743041607626
1633,0.046951431997920075
1634,0.03372526321893624
1635,-0.06363937642433372
1636,-0.04659331667696076
1637,0.06412225071804767
1638,-0.05093903142855614
1639,-0.004606510545621481
1640,-0.07718279430044267
1641,-0.07563103505943072
1642,0.0018229895836587517
1643,0.08345761331423245
1644,0.04830847019753741
1645,0.03129281160205988
1646,-0.05790256847283765
1647,0.026830219005612416
1648,0.003961101103590003
1649,-0.02796720112305068
1650,-0.00018978095320999018
1651,0.05323883503018057
1652,-0.0335206961501782
1653,0.002576650567862252
1654,-0.016963518620426773
1655,-0.05386805656220106
1656,0.06090239801196874
1657,-0.013087946309166888
1658,-0.0459394393496236
1659,0.0004858084584216651
1660,0.02984625528078007
1661,0.03660876618583087
1662,-0.005596383715843796
1663,0.04929538486589485
1664,-0.03394839357695531
1665,0.005647959097817517
1666,0.038855961236068555
1667,0.07397913409845146
1668,-0.021092264237558417
1669,0.05489093242852163
1670,0.061210932954661436
1671,0.05971806598979757
1672,-0.00632403971109986
1673,0.04007800423972303
1674,0.003544742968343897
1675,-0.031624379741198284
1676,-0.07150574583965522
1677,-0.004016726751251401
1678,-0.057409748562065495
1679,0.016112174958066116
1680,0.013221530225830464
1681,-0.0027113900638669397
1682,0.044177638569341204
1683,0.017171698281604527
1684,-0.0026626764879190885
1685,0.0033854591421351075
1686,-0.02640358684799592
1687,0.05478397497026361
1688,-0.04364067121937964
1689,0.032549480243319905
1690,-0.042259162846595984
1691,0.020022574722612763
1692,-0.008534376896438602
1693,0.03494748586814104
1694,0.03962997026118113
1695,-0.05374884647201092
1696,-0.04037506186563204
1697,0.03841328004862026
1698,0.024112982163638226
1699,0.02107662826798922
1700,0.03382287013608662
1701,0.03447106772147603
1702,-0.028979114969626067
1703,-0.018765389389704446
1704,0.0351431642051325
1705,0.054638397683256484
1706,0.04581411273127154
1707,-0.024786205671208587
1708,0.037673694167359266
1709,0.02694530521031497
1710,-0.020570680417128024
1711,0.013429331264530161
1712,0.02877070614577191
1713,0.03429815875096083
1714,-0.061156271320387576
1715,0.004337412893598928
1716,-0.03350238204633942
1717,-0.052472626124903034
1718,0.044379490900720506
1719,0.016251903308042295
1720,0.013870058580316385
1721,0.010034454819578337
1722,0.01806909348335295
1723,-0.00218710582832582
1724,0.009435377939295825
1725,0.0013694375508680138
1726,-0.01972526566456358
1727,0.03169850690412832
1728,0.03426601611167931
1729,0.004320196396500717
1730,0.06833927823985672
1731,-0.04441145814846755
1732,-0.0020410461385853658
1733,0.03702621695199111
1734,0.10739201489054909
1735,-0.012276172705424764
1736,-0.014535906652978119
1737,0.01597302166550867
1738,0.029881286036996163
1739,-0.03273313996447562
1740,0.007380352676474766
1741,-0.010919426788918555
1742,0.015195960715519184
1743,-0.03619310792360467
1744,-0.014741621788866061
1745,-0.020218034529567656
1746,-0.009190020095025427
1747,-0.0015677049858728897
1748,-0.014236304903480856
1749,0.06029581599244153
1750,0.017616864538770528
1751,0.02234175276562825
1752,-0.06986217195331124
1753,0.0015465912380199925
1754,-0.06782594268592691
1755,0.010207856585825216
1756,-0.04199320605919026
1757,0.06057544768447526
1758,0.054072391411128726
1759,0.0507225611403034
1760,-0.01729575436286778
1761,-0.029210984179167024
1762,-0.024165940746977213
1763,-0.08438300698042453
1764,0.055828838415674244
1765,-0.017110907968282532
1766,0.03878885634157754
1767,-0.02030219653912885
1768,0.017084535654875842
1769,0.002027119207782792
1770,-0.04556496282036042
1771,-0.04141144357494838
1772,0.003937225688247107
1773,-0.006884317439345877
1774,-0.010240532252423816
1775,-0.016162036493774463
1776,0.08880401146070638
1777,0.023237420263015222
1778,0.04108954257406198
1779,0.010257612184083833
1780,-0.046007454191072085
1781,-0.019798608938558202
1782,0.019462392379273604
1783,0.044482629180506536
1784,0.0029230299355549757
1785,0.04869232614534965
1786,-0.034673385805299675
1787,-0.001274280429354439
1788,0.018732804933857716
1789,-6.232865875841192e-06
1790,-0.04042572029185458
1791,0.009506506541987467
1792,0.0004233454710552988
1793,0.03023009293487242
1794,-0.006108622569959905
1795,-0.01360071546804084
1796,-0.03323702362689308
1797,-0.03583936078660401
1798,-0.00350726241885454
1799,-0.029157161793644488
1800,-0.03740384966336011
1801,-0.044428735385676696
1802,0.03294465266495253
1803,0.00839232772812522
1804,-0.04127327719754914
1805,0.04390001893100782
1806,0.011998163389136191
1807,0.008502995691380208
1808,-0.012925163887989914
1809,0.03322206687810445
1810,0.010921527640351938
1811,-0.062497511173058816
1812,-0.028218033265398165
1813,-0.004977731604011217
1814,0.034334193668257906
1815,0.01399407312691548
1816,-0.020273456702197754
1817,-0.037824996386111594
1818,0.011699024729889785
1819,0.021703619724481066
1820,0.012332713526032177
1821,0.01864994361010313
1822,-0.004131172349964643
1823,-0.018671123764328695
1824,-0.00822258482554091
1825,0.04481847427082252
1826,0.05767976271414374
1827,0.08461124347132988
1828,-0.011386190681979444
1829,0.025052904038566054
1830,0.02459907909394185
1831,0.053759258023151506
1832,-0.017402945904483352
1833,0.042684034547560486
1834,0.05427586506151446
1835,-0.030559603326470643
1836,0.05689654673495426
1837,0.02182444279943668
1838,-0.04764841415587239
1839,0.009077754248895545
1840,0.018958163077572733
1841,-0.03056406809927863
1842,0.006395986556460181
1843,-0.02849869218937077
1844,-0.026905087868893496
1845,0.03780392940259357
1846,-0.0364208198873103
1847,-0.051835911462703096
1848,-0.009631110134206592
1849,0.013809685611930224
1850,-0.005769953610357904
1851,-0.04735333227572397
1852,0.02584164278706918
1853,-0.021474058839193323
1854,-0.030755481984530424
1855,-0.07740341534687525
1856,0.0337255439068674
1857,0.02729447106143535
1858,0.04978215969479593
1859,-0.041843241062123324
1860,0.0027138385351548524
1861,0.04513779568128888
1862,0.0465015893457487
1863,-0.005678706749867443
1864,0.006448737191092687
1865,0.0348270685391641
1866,-0.04798011074150462
1867,-0.007399329830271449
1868,-0.01461940792707965
1869,0.013527495945717422
1870,0.025681705659336286
1871,0.004752948528835981
1872,0.08707985144294877
1873,-0.038691969759314916
1874,-0.009264936020460083
1875,-0.059694385706944464
1876,-0.001777281880747922
1877,0.037585205221269916
1878,0.05336322098960539
1879,-0.04287630397630478
1880,0.011741194262759663
1881,0.010807243363300606
1882,0.03953257956096384
1883,0.02528540084529932
1884,-0.05711417100262907
1885,-0.07145519267315005
1886,0.08950018415596359
1887,0.0518404925761057
1888,-0.004815116950445332
1889,0.04447352983141993
1890,0.1520131409293985
1891,0.08989272179467167
1892,-0.06494673483842459
1893,0.0899678427533171
1894,-0.015267670683811881
1895,-0.03177178469845724
1896,-0.017333717713078546
1897,0.07090874274211996
1898,0.008483770827627477
1899,0.03299071556319023
1900,-0.05154863177373151
1901,-0.09193774135526522
1902,0.06135455377284487
1903,-0.00831786571830302
1904,0.05324717274359601
1905,0.07285501531562621
1906,0.014195767756137668
1907,-0.014506128601107598
1908,0.01939422416727817
1909,0.07960893391450789
1910,0.029071938254146248
1911,0.02141908900786464
1912,0.033535203451783825
1913,0.06748508628122009
1914,0.01657835106674716
1915,0.017856883364835697
1916,-0.039801823133639974
1917,0.024509960977573915
1918,0.0068040463568128685
1919,0.07810037555759816
1920,-0.04251701826920222
1921,-0.06553304675713816
1922,-0.03895645063910372
1923,0.02265932134025251
1924,-0.051199390184523186
1925,-0.05484260245196673
1926,-0.0850784241955265
1927,-0.047402523907918714
1928,-0.02883438232638891
1929,-0.052295876823377205
1930,0.03653983149498291
1931,-0.03313298943273529
1932,0.0026740756510955322
1933,-0.03808891244777989
1934,0.0020724147842937283
1935,0.08654428205913954
1936,-0.006555499990884972
1937,-0.05994696823679835
1938,0.014554507973692437
1939,-0.05282548426312077
1940,0.011946960144403732
1941,-0.060024015833102906
1942,0.060763398465235166
1943,0.28966705291297973
1944,0.217771920791699
1945,0.06925136708737513
1946,0.025255062855344873
1947,0.10925739714232201
1948,-0.12044508738128057
